Sample_ID,TC,IC,OC,N,Community,Core_ID,Core_Depth,Latitude_N,Longitude_W,Pre_Dried_Weight,Post_Dried_Weight,Additional_Comments
A1AD.001,45.8,0.375,45.4,2.2,Attawapiskat,AT-01,138.5,,,10.16038,0.018774459,
A1AD.002,46,0.309,45.7,2.06,Attawapiskat,AT-01,138.5,,,11.70545,0.016763734,
A1AD.003,39.1,0.626,38.5,1.78,Attawapiskat,AT-01,138.5,,,9.05797,0.01457519,
A1AD.004,12.4,2.56,9.83,0.62,Attawapiskat,AT-01,138.5,,,12.71738,0.070555085,
A1AD.005,13.3,3.3,10,0.73,Attawapiskat,AT-01,138.5,,,15.9087,0.089650285,
A1AD.006,14.5,4.85,9.62,0.62,Attawapiskat,AT-01,138.5,,,14.36876,0.087367189,
A1AD.007,5.17,3.9,1.27,0.1,Attawapiskat,AT-01,138.5,,,20.85101,0.24998678,
A1AD.008,4.36,3.92,0.44,0.03,Attawapiskat,AT-01,138.5,,,24.70444,0.349494405,
A1AD.009,4.33,3.87,0.465,0.02,Attawapiskat,AT-01,138.5,,,22.98843,0.332240813,
A1AD.010,3.7,3.49,0.212,0.02,Attawapiskat,AT-01,138.5,,,17.82144,0.260687564,
A1BD.001,47.6,0.637,46.9,2.1,Attawapiskat,AT-01,101.2,,,9.52462,0.016259343,
A1BD.002,48.5,0.4,48.1,2.41,Attawapiskat,AT-01,101.2,,,12.20352,0.021793795,
A1BD.003,47.1,0.451,46.7,2.39,Attawapiskat,AT-01,101.2,,,8.33184,0.015390423,
A1BD.004,45.3,0.427,44.8,2.29,Attawapiskat,AT-01,101.2,,,12.87227,0.02260595,
A1BD.005,37.2,0.377,36.8,2,Attawapiskat,AT-01,101.2,,,10.78677,0.020827074,
A1BD.006,39.5,0.348,39.2,1.73,Attawapiskat,AT-01,101.2,,,9.60697,0.017010116,
A1BD.007,36,0.318,35.7,1.66,Attawapiskat,AT-01,101.2,,,12.46639,0.021248027,
A1BD.008,38.1,0.455,37.6,1.87,Attawapiskat,AT-01,101.2,,,9.50733,0.016585744,
A1BD.009,41,0.443,40.6,1.93,Attawapiskat,AT-01,101.2,,,8.54626,0.014223655,
A1BD.010,17.9,2.45,15.4,0.86,Attawapiskat,AT-01,101.2,,,12.84937,0.052636193,
A1CD.002,47.5,0.35,47.2,1.65,Attawapiskat,AT-01,62,,,7.20681,0.011658784,
A1CD.003,46.2,0.334,45.8,1.68,Attawapiskat,AT-01,62,,,7.86954,0.011813008,
A1CD.004,48.3,0.315,47.9,1.91,Attawapiskat,AT-01,62,,,7.36516,0.011671608,
A1CD.005,48.5,0.31,48.2,2.24,Attawapiskat,AT-01,62,,,9.59508,0.014998024,
A1CD.006,47.9,0.291,47.6,2.35,Attawapiskat,AT-01,62,,,11.92475,0.01931544,
A1CD.007,47.7,0.348,47.3,2.33,Attawapiskat,AT-01,62,,,11.37522,0.020163671,
A1CD.008,47.9,0.354,47.5,2.5,Attawapiskat,AT-01,62,,,11.53745,0.020776464,
A1CD.009,47.7,0.374,47.3,2.62,Attawapiskat,AT-01,62,,,13.19302,0.024810053,
A1CD.010,47.5,0.433,47.1,2.59,Attawapiskat,AT-01,62,,,11.7951,0.021425333,
A2AD.001,32.4,0.294,32.1,1.59,Attawapiskat,AT-02,114,,,12.45541,0.034696287,
A2AD.002,42.8,0.409,42.4,2.01,Attawapiskat,AT-02,114,,,13.3341,0.028260258,
A2AD.003,39.1,0.321,38.8,2.01,Attawapiskat,AT-02,114,,,15.66075,0.03984176,
A2AD.004,34.5,0.492,34,1.52,Attawapiskat,AT-02,114,,,11.96527,0.025361292,
A2AD.005,18.4,2,16.4,0.86,Attawapiskat,AT-02,114,,,16.1646,0.075585984,
A2AD.006,10.8,2.69,8.08,0.49,Attawapiskat,AT-02,114,,,16.45823,0.117463773,
A2AD.007,6.3,4.09,2.21,0.15,Attawapiskat,AT-02,114,,,20.17337,0.22916022,
A2AD.008,6.86,4.18,2.68,0.17,Attawapiskat,AT-02,114,,,19.41082,0.221446286,
A2AD.009,5.89,4.48,1.42,0.09,Attawapiskat,AT-02,114,,,20.0996,0.257454503,
A2AD.010,4.76,4.22,0.54,0.05,Attawapiskat,AT-02,114,,,21.74623,0.291911418,
A2BD.001,47.9,0.367,47.6,2.07,Attawapiskat,AT-02,94.5,,,12.48975,0.021496461,
A2BD.002,48.1,0.397,47.7,2.33,Attawapiskat,AT-02,94.5,,,12.66524,0.020419116,
A2BD.003,46.6,0.402,46.2,1.87,Attawapiskat,AT-02,94.5,,,8.79674,0.014375485,
A2BD.004,46.3,0.443,45.8,2.09,Attawapiskat,AT-02,94.5,,,9.75008,0.01596389,
A2BD.005,43,0.396,42.6,2.02,Attawapiskat,AT-02,94.5,,,10.23065,0.02001868,
A2BD.006,38.7,0.365,38.3,1.8,Attawapiskat,AT-02,94.5,,,14.89584,0.031282672,
A2BD.007,39.5,0.344,39.1,1.86,Attawapiskat,AT-02,94.5,,,13.4416,0.023499491,
A2BD.008,42.2,0.324,41.9,1.87,Attawapiskat,AT-02,94.5,,,13.50728,0.02187843,
A2BD.009,32.8,0.97,31.8,1.43,Attawapiskat,AT-02,94.5,,,14.93579,0.032279998,
A2BD.010,13.3,2.17,11.1,0.6,Attawapiskat,AT-02,94.5,,,15.49667,0.079135699,
A2CD.003,45.9,0.281,45.6,1.82,Attawapiskat,AT-02,62.5,,,11.10582,0.01922311,
A2CD.004,46.9,0.378,46.5,1.69,Attawapiskat,AT-02,62.5,,,6.90227,0.010710358,
A2CD.005,47.8,0.321,47.5,2.06,Attawapiskat,AT-02,62.5,,,10.66325,0.017428504,
A2CD.006,48.5,0.371,48.2,2.39,Attawapiskat,AT-02,62.5,,,10.96545,0.018625877,
A2CD.007,48.1,0.341,47.8,2.35,Attawapiskat,AT-02,62.5,,,10.3508,0.016727657,
A2CD.008,47.5,0.363,47.1,2.3,Attawapiskat,AT-02,62.5,,,10.42185,0.017454835,
A2CD.009,47.7,0.423,47.3,2.12,Attawapiskat,AT-02,62.5,,,13.0189,0.023053575,
A3AD.001,47.9,0.213,47.7,1.37,Attawapiskat,AT-03,119,,,9.93088,0.023192582,
A3AD.002,48.7,0.334,48.4,1.61,Attawapiskat,AT-03,119,,,11.87963,0.027040316,
A3AD.003,47.7,0.421,47.3,1.55,Attawapiskat,AT-03,119,,,11.869025,0.027462637,
A3AD.004,43.3,0.438,42.9,1.9,Attawapiskat,AT-03,119,,,13.58953,0.035837579,
A3AD.005,46.5,0.539,46,1.99,Attawapiskat,AT-03,119,,,14.2678,0.035081505,
A3AD.006,43,0.6,42.4,1.9,Attawapiskat,AT-03,119,,,12.0788,0.034152913,
A3AD.007,35.4,0.417,35,1.58,Attawapiskat,AT-03,119,,,13.11223,0.037265262,
A3AD.008,44.7,0.402,44.2,1.63,Attawapiskat,AT-03,119,,,14.40057,0.033044963,
A3AD.009,28.6,0.621,27.9,1.66,Attawapiskat,AT-03,119,,,18.76,0.072974948,
A3AD.010,7.28,2.47,4.82,0.33,Attawapiskat,AT-03,119,,,19.86538,0.193335464,
A3BD.001,43.4,0.295,43.1,0.56,Attawapiskat,AT-03,98,,,9.86936,0.019947382,
A3BD.002,44.4,0.298,44.1,0.63,Attawapiskat,AT-03,98,,,10.34553,0.020475026,
A3BD.003,46.6,0.327,46.3,1.17,Attawapiskat,AT-03,98,,,15.43774,0.040419672,
A3BD.004,50.6,0.238,50.4,2.01,Attawapiskat,AT-03,98,,,12.72498,0.035837921,
A3BD.005,49.2,0.248,48.9,2.18,Attawapiskat,AT-03,98,,,12.8913,0.032964602,
A3BD.006,49.2,0.295,48.9,1.79,Attawapiskat,AT-03,98,,,11.65554,0.027743386,
A3BD.007,48.6,0.384,48.3,1.78,Attawapiskat,AT-03,98,,,11.13463,0.028147753,
A3BD.008,41.3,0.391,40.9,1.94,Attawapiskat,AT-03,98,,,12.03849,0.030908397,"Sample spilled during packaging - picked up and packaged, but may be at risk of contamination"
A3BD.009,47.1,0.523,46.6,1.97,Attawapiskat,AT-03,98,,,12.71409,0.029358463,
A3BD.010,34,0.474,33.5,1.64,Attawapiskat,AT-03,98,,,12.81602,0.039653853,
A3CD.001,44.9,0.102,44.8,0.83,Attawapiskat,AT-03,60,,,11.3526,0.016288068,
A3CD.002,46.8,0.102,46.7,0.83,Attawapiskat,AT-03,60,,,11.51188,0.021979308,
A3CD.003,44.5,0.311,44.2,0.51,Attawapiskat,AT-03,60,,,11.12582,0.021278119,
A3CD.004,43.3,0.206,43.1,0.45,Attawapiskat,AT-03,60,,,12.00497,0.022497548,
A3CD.005,41.8,0.191,41.6,0.26,Attawapiskat,AT-03,60,,,10.58648,0.014940745,
A3CD.006,44.3,0.224,44.1,0.41,Attawapiskat,AT-03,60,,,10.98892,0.018115331,
A3CD.007,43.2,0.242,42.9,0.33,Attawapiskat,AT-03,60,,,11.86879,0.018229717,
A3CD.008,44.9,0.213,44.6,0.64,Attawapiskat,AT-03,60,,,11.58063,0.022315626,
A3CD.009,44.8,0.244,44.5,0.73,Attawapiskat,AT-03,60,,,10.69607,0.017344895,
A4AD.001,50.9,0.53,50.3,2.32,Attawapiskat,AT-04,133,,,14.12407,0.031092029,
A4AD.002,50,0.625,49.4,1.87,Attawapiskat,AT-04,133,,,12.95716,0.028628378,
A4AD.003,45.3,0.605,44.7,0.85,Attawapiskat,AT-04,133,,,13.65984,0.020280451,
A4AD.004,48.8,0.536,48.2,1.11,Attawapiskat,AT-04,133,,,11.92338,0.020117165,NOTE: Remainder of sample was incomplete. Though volume template was filled
A4AD.005,47.1,0.323,46.8,2.02,Attawapiskat,AT-04,133,,,10.28378,0.01280076,
A4AD.006,45.2,0.338,44.9,1.64,Attawapiskat,AT-04,133,,,14.1071,0.018255364,
A4AD.007,46.5,0.291,46.2,1.98,Attawapiskat,AT-04,133,,,12.87245,0.017617437,
A4AD.008,46.8,0.248,46.5,2.06,Attawapiskat,AT-04,133,,,11.59647,0.01635475,
A4AD.009,48.6,0.206,48.4,2.16,Attawapiskat,AT-04,133,,,10.47237,0.016072804,
A4AD.010,48,0.141,47.8,1.91,Attawapiskat,AT-04,133,,,14.29233,0.022365894,
A4BD.001,46.1,0.139,46,1.35,Attawapiskat,AT-04,99,,,11.03324,0.012646194,Almost whole semi-cylindrical sample to fill template
A4BD.002,50.6,0.159,50.4,1.72,Attawapiskat,AT-04,99,,,9.9524,0.016467939,Almost whole semi-cylindrical sample. Template ~10% incomplete
A4BD.003,49.4,0.171,49.2,1.59,Attawapiskat,AT-04,99,,,10.43604,0.016675166,
A4BD.004,51.5,0.15,51.4,2.03,Attawapiskat,AT-04,99,,,11.73363,0.020808095,
A4BD.005,48.6,0.16,48.5,2.1,Attawapiskat,AT-04,99,,,9.64252,0.015024355,
A4BD.006,47.5,0.15,47.3,2.31,Attawapiskat,AT-04,99,,,11.49886,0.019986707,
A4BD.007,49,0.211,48.7,2.38,Attawapiskat,AT-04,99,,,12.33483,0.022692637,
A4BD.008,50.7,0.171,50.5,2.35,Attawapiskat,AT-04,99,,,13.05466,0.021078414,
A4BD.009,48,0.19,47.9,2.26,Attawapiskat,AT-04,99,,,10.25391,0.014631272,
A4BD.010,47.7,0.238,47.5,1.84,Attawapiskat,AT-04,99,,,11.76052,0.015637147,
A4CD.002,49.7,0.066,49.7,2.13,Attawapiskat,AT-04,52,,,6.6154,0.011944834,"Whole segment, still ~30%less than template volume"
A4CD.003,50.3,0.089,50.2,2.11,Attawapiskat,AT-04,52,,,10.86571,0.018666912,"Whole segment, filled template"
A4CD.004,47.2,0.07,47.1,1.41,Attawapiskat,AT-04,52,,,13.41898,0.016571553,"Whole segment, template filled"
A4CD.005,43.8,0.102,43.7,1.07,Attawapiskat,AT-04,52,,,11.27696,0.010242728,"Whole segment, template filled"
A4CD.006,43.3,0.086,43.2,0.92,Attawapiskat,AT-04,52,,,10.63049,0.010435935,"Whole segment, template filled"
A4CD.009,0.066,44.9,1.12,Attawapiskat,AT-04,52,,,10.88977,0.0104874,"Combined whole segments of 7, 8 and 9",
A4DD.001,48.1,0.214,47.9,2.06,Attawapiskat,AT-04,142,,,10.16604,0.017038157,
A4DD.002,46.8,0.346,46.4,1.93,Attawapiskat,AT-04,142,,,10.72579,0.016534792,
A4DD.003,50.4,0.339,50,1.58,Attawapiskat,AT-04,142,,,12.69164,0.021364122,
A4DD.004,54.3,0.451,53.9,1.03,Attawapiskat,AT-04,142,,,13.7317,0.033470361,
A4DD.005,51.4,0.646,50.8,1.6,Attawapiskat,AT-04,142,,,12.0085,0.026546526,
A4DD.006,50.9,0.535,50.3,2.3,Attawapiskat,AT-04,142,,,13.31073,0.028856295,
A4DD.007,49.7,0.381,49.3,2.85,Attawapiskat,AT-04,142,,,11.38228,0.024614623,
A4DD.008,49.3,0.382,48.9,2.74,Attawapiskat,AT-04,142,,,14.47173,0.03004717,
A4DD.009,49.6,0.711,48.8,1.62,Attawapiskat,AT-04,142,,,9.33448,0.023463414,
A4DD.010,36.7,0.638,36.1,1.44,Attawapiskat,AT-04,142,,,15.71497,0.051775993,
A4DD.011,37.4,0.522,36.9,2.01,Attawapiskat,AT-04,142,,,11.6872,0.03663691,
A4ED.001,48,0.418,47.5,1.91,Attawapiskat,AT-04,177.5,,,11.32003,0.024471342,
A4ED.002,35.5,0.42,35.1,1.76,Attawapiskat,AT-04,177.5,,,12.9754,0.042154093,
A4ED.003,29.9,0.393,29.5,1.8,Attawapiskat,AT-04,177.5,,,15.29391,0.056007064,
A4ED.004,17.1,0.35,16.7,1.12,Attawapiskat,AT-04,177.5,,,14.36826,0.078965574,
A4ED.005,5.38,2.74,2.64,0.23,Attawapiskat,AT-04,177.5,,,22.61963,0.269976223,
A4ED.006,4.61,3.86,0.744,0.06,Attawapiskat,AT-04,177.5,,,23.99913,0.322279176,
A4ED.007,4.93,4.43,0.499,0.06,Attawapiskat,AT-04,177.5,,,22.08604,0.297404322,
A4ED.008,4.98,4.17,0.812,0.06,Attawapiskat,AT-04,177.5,,,22.54578,0.310629112,
A4ED.009,3.94,4.32,0.005,0.03,Attawapiskat,AT-04,177.5,,,26.9099,0.374291292,
A4ED.010,4.4,4.7,0.005,0.03,Attawapiskat,AT-04,177.5,,,22.15292,0.307254993,
A5AD.001,36.2,0.299,35.9,1.54,Attawapiskat,AT-05,127,,,16.12573,0.045852049,
A5AD.002,29.8,0.228,29.6,1.75,Attawapiskat,AT-05,127,,,13.86864,0.042615739,
A5AD.003,27.2,0.802,26.4,1.49,Attawapiskat,AT-05,127,,,14.53334,0.046094498,
A5AD.004,15.3,2,13.3,0.88,Attawapiskat,AT-05,127,,,20.76982,0.106931576,
A5AD.005,10.2,2.48,7.68,0.51,Attawapiskat,AT-05,127,,,20.13612,0.142413517,
A5AD.006,7.43,3.5,3.93,0.25,Attawapiskat,AT-05,127,,,19.96537,0.194284916,
A5AD.007,7.33,3.49,3.84,0.27,Attawapiskat,AT-05,127,,,19.193398,0.193553087,
A5AD.008,4.1,3.1,0.996,0.08,Attawapiskat,AT-05,127,,,23.09861,0.30757387,
A5AD.009,4.94,3.59,1.35,0.12,Attawapiskat,AT-05,127,,,21.5917,0.269493889,
A5AD.010,4.94,4.23,0.711,0.06,Attawapiskat,AT-05,127,,,22.76804,0.309788403,
A5BD.001,47.9,0.419,47.5,2.14,Attawapiskat,AT-05,98.5,,,13.41335,0.02255021,
A5BD.002,43.5,0.372,43.1,2.12,Attawapiskat,AT-05,98.5,,,12.38714,0.023585323,
A5BD.003,33,0.32,32.7,1.68,Attawapiskat,AT-05,98.5,,,12.96959,0.031825362,
A5BD.004,28.2,0.21,28,1.46,Attawapiskat,AT-05,98.5,,,13.57582,0.039358399,Sample spilled during crushing - potential for contamination
A5BD.005,28.8,0.206,28.6,1.56,Attawapiskat,AT-05,98.5,,,14.38533,0.040327685,
A5BD.006,32.7,0.245,32.4,1.93,Attawapiskat,AT-05,98.5,,,14.15325,0.036100033,
A5BD.007,30.3,0.413,29.9,1.67,Attawapiskat,AT-05,98.5,,,12.66776,0.035177083,
A5BD.008,21.4,1.61,19.8,1.19,Attawapiskat,AT-05,98.5,,,16.06666,0.062156872,
A5BD.009,16,2.3,13.7,0.83,Attawapiskat,AT-05,98.5,,,15.57727,0.085455804,
A5BD.010,8.35,3.19,5.17,0.38,Attawapiskat,AT-05,98.5,,,20.16093,0.172057858,
A5CD.005,44.2,0.316,43.9,1.46,Attawapiskat,AT-05,61,,,15.00658,0.016678586,Combined 1-5 - whole segment
A5CD.006,45.5,0.313,45.2,2.23,Attawapiskat,AT-05,61,,,9.62889,0.012462561,Whole segment
A5CD.007,48.6,0.35,48.2,2.26,Attawapiskat,AT-05,61,,,14.95209,0.021761138,
A5CD.008,49.5,0.372,49.1,2.5,Attawapiskat,AT-05,61,,,10.70086,0.017207085,
A5CD.009,48.3,0.359,48,2.54,Attawapiskat,AT-05,61,,,10.97418,0.018224416,
A5CD.010,46,0.353,45.7,2.4,Attawapiskat,AT-05,61,,,11.02354,0.019893694,
A6AD.001,20.4,1.87,18.5,1.12,Attawapiskat,AT-06,201.5,,,10.81283,0.037618336,
A6AD.002,15.9,3.36,12.5,0.67,Attawapiskat,AT-06,201.5,,,16.37058,0.075601543,
A6AD.003,13.5,5.02,8.52,0.43,Attawapiskat,AT-06,201.5,,,12.99469,0.069032662,
A6AD.004,9.39,4.5,4.89,0.32,Attawapiskat,AT-06,201.5,,,18.88536,0.161387338,
A6AD.005,6.52,4.57,1.95,0.14,Attawapiskat,AT-06,201.5,,,18.02597,0.212081027,
A6AD.006,5.85,4.53,1.33,0.11,Attawapiskat,AT-06,201.5,,,19.95699,0.252440514,
A6AD.007,6.31,4.6,1.71,0.13,Attawapiskat,AT-06,201.5,,,20.84626,0.249037157,
A6AD.008,5.75,4.74,1.01,0.1,Attawapiskat,AT-06,201.5,,,22.1496,0.289194546,
A6AD.009,5.13,4.59,0.545,0.05,Attawapiskat,AT-06,201.5,,,22.42476,0.308640614,
A6AD.010,5.18,4.55,0.638,0.05,Attawapiskat,AT-06,201.5,,,23.96833,0.315190174,
A6BD.001,44.6,0.351,44.2,1.78,Attawapiskat,AT-06,153.5,,,7.73355,0.008921223,"Whole segment, template filled"
A6BD.002,43.6,0.348,43.3,1.98,Attawapiskat,AT-06,153.5,,,6.62273,0.006446117,"Whole segment, template 80% filled"
A6BD.003,43.8,0.333,43.4,2.09,Attawapiskat,AT-06,153.5,,,10.73093,0.01128468,Whole 5cm segment
A6BD.004,35.4,0.226,35.2,2.24,Attawapiskat,AT-06,153.5,,,11.02821,0.017304886,
A6BD.005,34.2,0.245,34,2.2,Attawapiskat,AT-06,153.5,,,12.10372,0.021274187,
A6BD.006,31.2,0.264,31,2.07,Attawapiskat,AT-06,153.5,,,15.64015,0.029291097,
A6BD.007,24.2,1.11,23.1,1.42,Attawapiskat,AT-06,153.5,,,13.08772,0.033660149,
A6BD.008,18.2,2.14,16.1,0.92,Attawapiskat,AT-06,153.5,,,14.38606,0.046589143,
A6BD.009,14.7,4.07,10.6,0.57,Attawapiskat,AT-06,153.5,,,15.7312,0.069972881,
A6BD.010,12.5,5.31,7.23,0.42,Attawapiskat,AT-06,153.5,,,14.23533,0.069413093,
A7BD.001,45.6,0.561,45,1.99,Attawapiskat,AT-07,96,,,12.24259,0.026487025,
A7BD.002,32.9,0.469,32.5,1.57,Attawapiskat,AT-07,96,,,10.3886,0.028680527,
A7BD.003,13,0.25,12.8,0.63,Attawapiskat,AT-07,96,,,14.91874,0.072099872,
A7BD.004,22.5,0.8,21.7,0.92,Attawapiskat,AT-07,96,,,14.24218,0.054844229,
A7BD.005,8.68,2.47,6.21,0.42,Attawapiskat,AT-07,96,,,17.35595,0.147025189,
A7BD.006,8.35,3.64,4.71,0.34,Attawapiskat,AT-07,96,,,15.15758,0.142667593,
A7BD.007,5.87,4.26,1.61,0.12,Attawapiskat,AT-07,96,,,22.70864,0.276307784,
A7BD.008,5.38,4.28,1.09,0.09,Attawapiskat,AT-07,96,,,21.04534,0.271260112,
A7BD.009,5.26,4.44,0.818,0.06,Attawapiskat,AT-07,96,,,19.29894,0.25479337,
A7BD.010,4.8,4.2,0.595,0.03,Attawapiskat,AT-07,96,,,21.58547,0.299925593,
A7CD.003,46.3,0.441,45.9,2.18,Attawapiskat,AT-07,53,,,11.57441,0.022841731,"Combined with 2 and 3, whole samples"
A7CD.004,46.6,0.474,46.2,2.5,Attawapiskat,AT-07,53,,,14.45761,0.028768924,
A7CD.005,46.1,0.462,45.7,2.54,Attawapiskat,AT-07,53,,,12.69812,0.027333376,
A7CD.006,42.7,0.456,42.3,1.81,Attawapiskat,AT-07,53,,,11.38142,0.022685455,
A7CD.007,42.6,0.528,42.1,2.29,Attawapiskat,AT-07,53,,,12.52127,0.028100905,
A7CD.008,31.8,0.489,31.3,1.65,Attawapiskat,AT-07,53,,,9.7721,0.029315718,
A7CD.009,16.6,0.192,16.4,0.91,Attawapiskat,AT-07,53,,,13.05247,0.066771623,
A7CD.010,10.5,0.119,10.4,0.64,Attawapiskat,AT-07,53,,,13.72958,0.090272824,
A8AD.001,45,0.604,44.4,1.96,Attawapiskat,AT-08,104.5,,,13.29752,0.024726615,
A8AD.002,40.1,0.652,39.4,1.7,Attawapiskat,AT-08,104.5,,,14.14293,0.030154546,
A8AD.003,29.8,0.479,29.4,1.4,Attawapiskat,AT-08,104.5,,,14.36499,0.042216501,
A8AD.004,23.8,0.338,23.5,1.16,Attawapiskat,AT-08,104.5,,,13.77227,0.049116228,
A8AD.005,22,0.272,21.7,1.06,Attawapiskat,AT-08,104.5,,,14.74693,0.054284098,
A8AD.006,16.8,0.185,16.6,0.8,Attawapiskat,AT-08,104.5,,,14.31511,0.054605541,
A8AD.007,19.3,1.19,18.2,0.97,Attawapiskat,AT-08,104.5,,,16.32519,0.054602292,
A8AD.008,10.7,2.44,8.22,0.48,Attawapiskat,AT-08,104.5,,,16.30022,0.110658085,
A8AD.009,8.46,2.95,5.51,0.37,Attawapiskat,AT-08,104.5,,,20.20348,0.172687235,
A8AD.010,6.62,3.94,2.68,0.18,Attawapiskat,AT-08,104.5,,,17.77567,0.199658304,
A8BD.001,44.4,0.461,44,1.82,Attawapiskat,AT-08,60.5,,,9.81571,0.016561978,"Whole sample, template filled"
A8BD.002,46.3,0.432,45.9,2.18,Attawapiskat,AT-08,60.5,,,10.93878,0.019289109,"Combined with 2 and 3, whole samples"
A8BD.004,48.3,0.409,47.9,2.33,Attawapiskat,AT-08,60.5,,,13.68882,0.024074155,
A8BD.005,49,0.44,48.6,2.18,Attawapiskat,AT-08,60.5,,,12.10872,0.023357065,
A8BD.006,47.7,0.444,47.2,2.41,Attawapiskat,AT-08,60.5,,,12.48771,0.023905227,
A8BD.007,47.7,0.481,47.2,2.37,Attawapiskat,AT-08,60.5,,,13.40932,0.026154298,
A8BD.008,47.9,0.481,47.4,2.2,Attawapiskat,AT-08,60.5,,,15.92806,0.030188229,
A8BD.009,45,0.461,44.5,2.15,Attawapiskat,AT-08,60.5,,,12.14236,0.021635809,
A8BD.010,43.5,0.567,42.9,2.06,Attawapiskat,AT-08,60.5,,,11.87119,0.022048726,
K1AD.001,9.98,2.57,7.41,0.33,Kashechewan/Fort Albany,KA-01,152.4,52.253621,81.776621,0.154862,0.075567,
K1AD.002,6.96,2.59,4.38,0.16,Kashechewan/Fort Albany,KA-01,152.4,52.253621,81.776621,0.189969,0.117123,
K1AD.003,5.35,3.27,2.08,0.09,Kashechewan/Fort Albany,KA-01,152.4,52.253621,81.776621,0.22795,0.153328,
K1AD.004,5.22,3.54,1.68,0.05,Kashechewan/Fort Albany,KA-01,152.4,52.253621,81.776621,0.214929,0.159421,
K1AD.005,7.3,3.94,3.36,0.16,Kashechewan/Fort Albany,KA-01,152.4,52.253621,81.776621,0.196791,0.119429,
K1AD.006,8.34,3.95,4.38,0.22,Kashechewan/Fort Albany,KA-01,152.4,52.253621,81.776621,0.188582,0.100942,
K1AD.007,8.4,3.59,4.81,0.2,Kashechewan/Fort Albany,KA-01,152.4,52.253621,81.776621,0.14712,0.070987,
K1AD.008,5.97,3.62,2.35,0.13,Kashechewan/Fort Albany,KA-01,152.4,52.253621,81.776621,0.178113,0.108577,
K1AD.009,7.32,3.61,3.72,0.21,Kashechewan/Fort Albany,KA-01,152.4,52.253621,81.776621,0.185391,0.115054,
K1AD.010,7.48,3.59,3.89,0.22,Kashechewan/Fort Albany,KA-01,152.4,52.253621,81.776621,0.185769,0.107438,
K1BD.001,18.3,1.64,16.6,0.85,Kashechewan/Fort Albany,KA-01,125,52.253621,81.776621,0.11074,0.030679,
K1BD.002,18.1,1.29,16.8,0.74,Kashechewan/Fort Albany,KA-01,125,52.253621,81.776621,0.157375,0.037653,
K1BD.003,25.5,1.31,24.1,1.16,Kashechewan/Fort Albany,KA-01,125,52.253621,81.776621,0.112548,0.019685,
K1BD.004,18.9,2.13,16.8,0.81,Kashechewan/Fort Albany,KA-01,125,52.253621,81.776621,0.116233,0.027238,
K1BD.005,9.84,2.72,7.12,0.34,Kashechewan/Fort Albany,KA-01,125,52.253621,81.776621,0.146824,0.060299,
K1BD.006,7.57,2.62,4.94,0.24,Kashechewan/Fort Albany,KA-01,125,52.253621,81.776621,0.186253,0.101927,
K1BD.007,8.27,2.89,5.38,0.29,Kashechewan/Fort Albany,KA-01,125,52.253621,81.776621,0.20626,0.105984,
K1BD.008,7.99,2.95,5.04,0.25,Kashechewan/Fort Albany,KA-01,125,52.253621,81.776621,0.188495,0.090427,
K1BD.009,5.84,2.12,3.73,0.18,Kashechewan/Fort Albany,KA-01,125,52.253621,81.776621,0.223206,0.123166,
K1BD.010,9.48,3.4,6.08,0.31,Kashechewan/Fort Albany,KA-01,125,52.253621,81.776621,0.178853,0.079266,
K1CD.001,35.2,0.412,34.8,0.92,Kashechewan/Fort Albany,KA-01,100,52.253621,81.776621,0.099259,0.010822,
K1CD.002,21.7,0.32,21.3,0.98,Kashechewan/Fort Albany,KA-01,100,52.253621,81.776621,0.085713,0.012665,
K1CD.003,27.6,0.413,27.2,1.37,Kashechewan/Fort Albany,KA-01,100,52.253621,81.776621,0.095685,0.012305,
K1CD.004,23.1,0.297,22.8,1.21,Kashechewan/Fort Albany,KA-01,100,52.253621,81.776621,0.109888,0.017469,
K1CD.005,27.3,0.548,26.8,1.48,Kashechewan/Fort Albany,KA-01,100,52.253621,81.776621,0.107011,0.015566,
K1CD.006,6.95,1.05,5.9,0.32,Kashechewan/Fort Albany,KA-01,100,52.253621,81.776621,0.143593,0.059785,
K1CD.007,21.4,0.895,20.5,1.15,Kashechewan/Fort Albany,KA-01,100,52.253621,81.776621,0.128755,0.02305,
K1CD.008,12.4,2.21,10.2,0.56,Kashechewan/Fort Albany,KA-01,100,52.253621,81.776621,0.171323,0.055728,
K1CD.009,11.3,1.96,9.37,0.47,Kashechewan/Fort Albany,KA-01,100,52.253621,81.776621,0.180347,0.060529,
K1CD.010,17.6,1.72,15.9,0.86,Kashechewan/Fort Albany,KA-01,100,52.253621,81.776621,0.129195,0.028594,
K2AD.001,33.7,0.804,32.9,0.97,Kashechewan/Fort Albany,KA-02,67.31,52.185249,82.149593,0.089327,0.018183,
K2AD.002,6.76,0.205,6.56,0.29,Kashechewan/Fort Albany,KA-02,67.31,52.185249,82.149593,0.158401,0.09532,
K2AD.003,4.01,3.66,0.353,0.03,Kashechewan/Fort Albany,KA-02,67.31,52.185249,82.149593,0.199864,0.167684,
K2AD.004,4.1,3.71,0.383,0.04,Kashechewan/Fort Albany,KA-02,67.31,52.185249,82.149593,0.212222,0.176171,
K2AD.005,3.42,1.58,1.83,0.14,Kashechewan/Fort Albany,KA-02,67.31,52.185249,82.149593,0.167736,0.127378,
K2AD.006,4.35,1.11,3.24,0.03,Kashechewan/Fort Albany,KA-02,67.31,52.185249,82.149593,0.234948,0.195118,
K2AD.007,4.28,3.14,1.14,0.03,Kashechewan/Fort Albany,KA-02,67.31,52.185249,82.149593,0.187115,0.155769,
K2AD.008,4.14,4.45,0.005,0.03,Kashechewan/Fort Albany,KA-02,67.31,52.185249,82.149593,0.204595,0.170199,
K2AD.009,4.15,4.14,0.005,0.02,Kashechewan/Fort Albany,KA-02,67.31,52.185249,82.149593,0.244692,0.200685,
K2AD.010,3.48,2.59,0.885,0.04,Kashechewan/Fort Albany,KA-02,67.31,52.185249,82.149593,0.229412,0.185131,
K3AD.001,41.5,0.835,40.6,1.88,Kashechewan/Fort Albany,KA-03,64.77,52.096947,82.250387,0.10275,0.012622,
K3AD.002,40.9,0.885,40,1.89,Kashechewan/Fort Albany,KA-03,64.77,52.096947,82.250387,0.114845,0.014742,
K3AD.003,42.6,0.877,41.7,1.79,Kashechewan/Fort Albany,KA-03,64.77,52.096947,82.250387,0.120417,0.015591,
K3AD.004,42.8,0.975,41.8,1.66,Kashechewan/Fort Albany,KA-03,64.77,52.096947,82.250387,0.148135,0.019858,
K3AD.005,41.8,1.13,40.6,1.68,Kashechewan/Fort Albany,KA-03,64.77,52.096947,82.250387,0.104277,0.014814,
K3AD.006,39.2,1.05,38.2,1.67,Kashechewan/Fort Albany,KA-03,64.77,52.096947,82.250387,0.109571,0.015985,-- Has a bunch of 1cm diameter pebbles
K3AD.007,13.2,0.799,12.4,0.54,Kashechewan/Fort Albany,KA-03,64.77,52.096947,82.250387,0.175807,0.134747,
K3AD.008,3.29,2.04,1.25,0.06,Kashechewan/Fort Albany,KA-03,64.77,52.096947,82.250387,0.222049,0.190358,Pebbles in separate container in box
K3AD.009,2.83,2.94,0.005,0.02,Kashechewan/Fort Albany,KA-03,64.77,52.096947,82.250387,0.322963,0.276346,Pebbles in separate container in box
K4AD.001,5.27,2.03,3.24,0.16,Kashechewan/Fort Albany,KA-04,80,52.189149,81.908666,0.133806,0.088706,
K4AD.002,4.76,3.55,1.21,0.05,Kashechewan/Fort Albany,KA-04,80,52.189149,81.908666,0.1669198,0.1299408,
K4AD.003,4.34,3.97,0.372,0.02,Kashechewan/Fort Albany,KA-04,80,52.189149,81.908666,0.189719,0.156119,
K4AD.004,4.14,3.58,0.567,0.02,Kashechewan/Fort Albany,KA-04,80,52.189149,81.908666,0.168451,0.137848,
K4AD.005,3.29,2.85,0.44,0.02,Kashechewan/Fort Albany,KA-04,80,52.189149,81.908666,0.221317,0.181668,
K4AD.006,3.34,3.13,0.203,0.02,Kashechewan/Fort Albany,KA-04,80,52.189149,81.908666,0.179501,0.146861,
K4AD.007,2.64,2.19,0.45,0.02,Kashechewan/Fort Albany,KA-04,80,52.189149,81.908666,0.201951,0.167464,
K4AD.008,2.8,2.46,0.339,0.02,Kashechewan/Fort Albany,KA-04,80,52.189149,81.908666,0.208913,0.174268,
K4AD.009,2.71,2.57,0.141,0.02,Kashechewan/Fort Albany,KA-04,80,52.189149,81.908666,0.197191,0.164429,
K4AD.010,2.96,2.81,0.15,0.02,Kashechewan/Fort Albany,KA-04,80,52.189149,81.908666,0.192334,0.159848,
K4BD.001,42.6,0.589,42,1.11,Kashechewan/Fort Albany,KA-04,70,52.189149,81.908666,0.090987,0.012807,Includes lichen in top segment
K4BD.002,25.7,0.705,25,0.91,Kashechewan/Fort Albany,KA-04,70,52.189149,81.908666,0.08537,0.020436,"Poor quality core - low volume, potential cross contamination from one segment to another"
K4BD.003,4.77,0.16,4.61,0.26,Kashechewan/Fort Albany,KA-04,70,52.189149,81.908666,0.144943,0.083876,"Poor quality core - low volume, potential cross contamination from one segment to another"
K4BD.004,4.61,3.34,1.27,0.1,Kashechewan/Fort Albany,KA-04,70,52.189149,81.908666,0.216564,0.160885,"Poor quality core - low volume, potential cross contamination from one segment to another"
K5AD.001,25.6,0.285,25.3,1.57,Kashechewan/Fort Albany,KA-05,154.3,52.165037,81.906562,0.098063,0.023355,
K5AD.002,6.86,0.09,6.77,0.55,Kashechewan/Fort Albany,KA-05,154.3,52.165037,81.906562,0.177914,0.081987,
K5AD.003,7.04,0.073,6.97,0.58,Kashechewan/Fort Albany,KA-05,154.3,52.165037,81.906562,0.159332,0.07296,
K5AD.004,6.74,0.062,6.68,0.41,Kashechewan/Fort Albany,KA-05,154.3,52.165037,81.906562,0.163336,0.074027,
K5AD.005,8.59,0.114,8.47,0.61,Kashechewan/Fort Albany,KA-05,154.3,52.165037,81.906562,0.138742,0.059324,
K5AD.006,2.56,0.18,2.38,0.18,Kashechewan/Fort Albany,KA-05,154.3,52.165037,81.906562,0.215277,0.137247,
K5AD.007,4.97,0.599,4.37,0.32,Kashechewan/Fort Albany,KA-05,154.3,52.165037,81.906562,0.187421,0.096636,
K5AD.008,6.35,1.9,4.46,0.3,Kashechewan/Fort Albany,KA-05,154.3,52.165037,81.906562,0.15543,0.078506,
K5AD.009,5.55,2.13,3.43,0.24,Kashechewan/Fort Albany,KA-05,154.3,52.165037,81.906562,0.167189,0.096128,
K5AD.010,5.02,2.17,2.84,0.19,Kashechewan/Fort Albany,KA-05,154.3,52.165037,81.906562,0.163751,0.099367,
K5BD.001,41.2,0.584,40.6,1.77,Kashechewan/Fort Albany,KA-05,120,52.165037,81.906562,0.106075,0.011897,
K5BD.002,41.8,0.571,41.2,1.57,Kashechewan/Fort Albany,KA-05,120,52.165037,81.906562,0.102062,0.00916,
K5BD.003,41.3,0.349,41,2.51,Kashechewan/Fort Albany,KA-05,120,52.165037,81.906562,0.131537,0.015672,
K5BD.004,44.1,0.299,43.8,2.67,Kashechewan/Fort Albany,KA-05,120,52.165037,81.906562,0.156207,0.018485,
K5BD.005,45,0.33,44.7,2.21,Kashechewan/Fort Albany,KA-05,120,52.165037,81.906562,0.116724,0.012054,
K5BD.006,36.1,0.279,35.8,2.24,Kashechewan/Fort Albany,KA-05,120,52.165037,81.906562,0.109587,0.015683,
K5BD.007,20.7,0.2,20.5,1.41,Kashechewan/Fort Albany,KA-05,120,52.165037,81.906562,0.161194,0.03849,
K5BD.008,17.5,0.211,17.3,1.18,Kashechewan/Fort Albany,KA-05,120,52.165037,81.906562,0.112395,0.02987,
K5BD.009,18.5,0.209,18.3,1.22,Kashechewan/Fort Albany,KA-05,120,52.165037,81.906562,0.132945,0.032853,
K5BD.010,10.9,0.132,10.8,0.76,Kashechewan/Fort Albany,KA-05,120,52.165037,81.906562,0.160383,0.055384,
K5CD.004,43.3,0.626,42.6,1.47,Kashechewan/Fort Albany,KA-05,70,52.165037,81.906562,0.058062,0.005216,Poor spectral sample due to low core volume; approx 50% volume
K5CD.006,41.3,0.639,40.7,1.82,Kashechewan/Fort Albany,KA-05,70,52.165037,81.906562,0.075357,0.007264,Poor spectral sample due to low core volume; 50% volume
K5CD.007,42.2,0.582,41.6,1.72,Kashechewan/Fort Albany,KA-05,70,52.165037,81.906562,0.109469,0.011815,100% volume - sample ok for bulk density + spectral measurement
K5CD.008,41.1,0.73,40.3,1.67,Kashechewan/Fort Albany,KA-05,70,52.165037,81.906562,0.087847,0.010746,
K5CD.009,39,0.614,38.4,2,Kashechewan/Fort Albany,KA-05,70,52.165037,81.906562,0.108966,0.013284,
K5CD.010,43.2,0.524,42.7,2.15,Kashechewan/Fort Albany,KA-05,70,52.165037,81.906562,0.099543,0.010548,
K6AD.001,19.8,2.09,17.8,0.78,Kashechewan/Fort Albany,KA-06,114.3,52.239788,81.59389,0.107867,0.024131,
K6AD.002,12.5,2.83,9.71,0.46,Kashechewan/Fort Albany,KA-06,114.3,52.239788,81.59389,0.13111,0.043544,
K6AD.003,6.28,4.57,1.71,0.11,Kashechewan/Fort Albany,KA-06,114.3,52.239788,81.59389,0.210257,0.14378,
K6AD.004,6.93,4.23,2.7,0.15,Kashechewan/Fort Albany,KA-06,114.3,52.239788,81.59389,0.1876,0.116017,
K6AD.005,9.4,3.84,5.56,0.26,Kashechewan/Fort Albany,KA-06,114.3,52.239788,81.59389,0.151515,0.063842,
K6AD.006,7.27,3.74,3.52,0.22,Kashechewan/Fort Albany,KA-06,114.3,52.239788,81.59389,0.177232,0.102105,
K6AD.007,5.71,4.15,1.56,0.13,Kashechewan/Fort Albany,KA-06,114.3,52.239788,81.59389,0.211351,0.149308,
K6AD.008,4.78,4.2,0.579,0.06,Kashechewan/Fort Albany,KA-06,114.3,52.239788,81.59389,0.235181,0.178194,
K6AD.009,5.07,3.28,1.8,0.07,Kashechewan/Fort Albany,KA-06,114.3,52.239788,81.59389,0.21899,0.170456,
K6BD.001,14.2,3.27,10.9,0.5,Kashechewan/Fort Albany,KA-06,100,52.239788,81.59389,0.112701,0.037621,Live vegetation present in top sample (Betula nana; dwarf birch)
K6BD.002,18,2.99,15,0.66,Kashechewan/Fort Albany,KA-06,100,52.239788,81.59389,0.123985,0.038575,
K6BD.003,12.5,3.21,9.32,0.4,Kashechewan/Fort Albany,KA-06,100,52.239788,81.59389,0.116161,0.046503,
K6BD.004,18.7,2.52,16.2,0.65,Kashechewan/Fort Albany,KA-06,100,52.239788,81.59389,0.103576,0.023196,
K6BD.005,14.3,2.65,11.7,0.54,Kashechewan/Fort Albany,KA-06,100,52.239788,81.59389,0.118108,0.034026,
K6BD.006,23.2,1.7,21.5,0.98,Kashechewan/Fort Albany,KA-06,100,52.239788,81.59389,0.115531,0.019348,
M1AD.001,33.4,1.16,32.2,1.75,Moose Factory,MO-01,146,51.220318,80.556189,0.101213,0.018096,
M1AD.002,34.2,0.42,33.8,1.53,Moose Factory,MO-01,146,51.220318,80.556189,0.082664,0.010211,
M1AD.003,11.7,2.36,9.32,0.53,Moose Factory,MO-01,146,51.220318,80.556189,0.175367,0.063533,
M1AD.004,6.15,3.68,2.48,0.15,Moose Factory,MO-01,146,51.220318,80.556189,0.205936,0.133787,
M1AD.005,5.74,4.08,1.66,0.08,Moose Factory,MO-01,146,51.220318,80.556189,0.207184,0.154645,
M1AD.006,6.03,4.43,1.61,0.09,Moose Factory,MO-01,146,51.220318,80.556189,0.200392,0.145341,
M1AD.007,5.72,4.65,1.07,0.05,Moose Factory,MO-01,146,51.220318,80.556189,0.232384,0.175732,
M1AD.008,5.36,4.37,0.992,0.05,Moose Factory,MO-01,146,51.220318,80.556189,0.225865,0.176312,
M1AD.009,4.97,4.18,0.787,0.04,Moose Factory,MO-01,146,51.220318,80.556189,0.217084,0.171467,
M1AD.010,5.11,4.08,1.03,0.05,Moose Factory,MO-01,146,51.220318,80.556189,0.229412,0.180206,
M1BD.001,40.1,1.25,38.8,2.09,Moose Factory,MO-01,131,51.220318,80.556189,0.069647,0.01072,
M1BD.002,44.2,0.637,43.6,2.5,Moose Factory,MO-01,131,51.220318,80.556189,0.132479,0.016491,
M1BD.003,44,0.735,43.3,2.4,Moose Factory,MO-01,131,51.220318,80.556189,0.081478,0.009898,
M1BD.004,43.7,0.604,43.1,2.03,Moose Factory,MO-01,131,51.220318,80.556189,0.101048,0.012854,
M1BD.005,37,0.565,36.5,1.79,Moose Factory,MO-01,131,51.220318,80.556189,0.138413,0.021573,
M1BD.006,31.2,0.367,30.8,1.48,Moose Factory,MO-01,131,51.220318,80.556189,0.115464,0.016163,
M1BD.007,18,0.342,17.7,0.92,Moose Factory,MO-01,131,51.220318,80.556189,0.126433,0.029285,
M1BD.008,8.28,2.79,5.5,0.33,Moose Factory,MO-01,131,51.220318,80.556189,0.172111,0.088052,
M1BD.009,6.32,4.36,1.96,0.12,Moose Factory,MO-01,131,51.220318,80.556189,0.214457,0.149179,
M1BD.010,5.8,4.62,1.18,0.06,Moose Factory,MO-01,125,51.220318,80.556189,0.213404,0.160269,
M1CD.001,42.9,0.767,42.1,2.04,Moose Factory,MO-01,116,51.220318,80.556189,0.109131,0.012844,
M1CD.002,43.6,0.743,42.8,1.78,Moose Factory,MO-01,116,51.220318,80.556189,0.089991,0.010398,
M1CD.003,45.7,0.639,45.1,1.56,Moose Factory,MO-01,116,51.220318,80.556189,0.101877,0.012714,
M1CD.004,46.6,0.661,46,2.29,Moose Factory,MO-01,116,51.220318,80.556189,0.130568,0.017057,
M1CD.005,44.1,0.452,43.6,2.48,Moose Factory,MO-01,116,51.220318,80.556189,0.110562,0.013187,
M1CD.006,44.6,0.572,44.1,2.61,Moose Factory,MO-01,116,51.220318,80.556189,0.174204,0.021926,
M1CD.007,43.2,0.565,42.6,2.22,Moose Factory,MO-01,116,51.220318,80.556189,0.125008,0.015543,"After dry weight (before spectrometer and packaging for C analysis), 7 spilled and may have minorly contaminated 8"
M1CD.008,22.8,0.335,22.4,1.19,Moose Factory,MO-01,116,51.220318,80.556189,0.197276,0.035128,"After dry weight (before spectrometer and packaging for C analysis), 7 spilled and may have minorly contaminated 8"
M1CD.009,7.56,2.42,5.14,0.33,Moose Factory,MO-01,116,51.220318,80.556189,0.186286,0.096394,
M1CD.010,5.85,4.22,1.63,0.13,Moose Factory,MO-01,120,51.220318,80.556189,0.193344,0.132747,
M2AD.001,38.7,0.634,38.1,1.73,Moose Factory,MO-02,97.8,51.22515,80.57762,0.110827,0.015532,
M2AD.002,36.6,0.501,36.1,2.01,Moose Factory,MO-02,97.8,51.22515,80.57762,0.111222,0.020741,
M2AD.003,32.1,0.365,31.8,1.72,Moose Factory,MO-02,97.8,51.22515,80.57762,0.124965,0.026554,
M2AD.004,33,0.392,32.6,1.87,Moose Factory,MO-02,97.8,51.22515,80.57762,0.129258,0.028272,
M2AD.005,31.4,0.423,31,1.81,Moose Factory,MO-02,97.8,51.22515,80.57762,0.146002,0.030361,
M2AD.006,13.2,0.896,12.3,0.88,Moose Factory,MO-02,97.8,51.22515,80.57762,0.160774,0.064182,
M2AD.007,4.89,3.37,1.53,0.14,Moose Factory,MO-02,97.8,51.22515,80.57762,0.173129,0.123272,
M2AD.008,4.89,4.3,0.593,0.07,Moose Factory,MO-02,97.8,51.22515,80.57762,0.245876,0.189908,
M2AD.009,4.28,4.65,0.005,0.04,Moose Factory,MO-02,97.8,51.22515,80.57762,0.241675,0.190125,
M2AD.010,5.34,4.44,0.902,0.07,Moose Factory,MO-02,97.8,51.22515,80.57762,0.232693,0.176106,
M2BD.007,40.7,0.775,39.9,1.64,Moose Factory,MO-02,50,51.22515,80.57762,0.116018,0.013091,"Core not full - may have slid as extracted, Depths and volumes both difficult to determine"
M2BD.008,36.9,0.842,36,1.3,Moose Factory,MO-02,50,51.22515,80.57762,0.089926,0.011359,"Core not full - may have slid as extracted, Depths and volumes both difficult to determine"
M2BD.009,38.9,0.74,38.1,1.88,Moose Factory,MO-02,50,51.22515,80.57762,0.093616,0.011576,"Core not full - may have slid as extracted, Depths and volumes both difficult to determine"
M2BD.010,38.2,0.621,37.6,1.9,Moose Factory,MO-02,50,51.22515,80.57762,0.08418,0.011152,"Core not full - may have slid as extracted, Depths and volumes both difficult to determine"
M3AD.001,4.65,3.09,1.56,0.1,Moose Factory,MO-03,110.5,51.166291,80.676298,0.213319,0.157954,Mostly mineral soil
M3AD.002,5.4,3.35,2.05,0.14,Moose Factory,MO-03,110.5,51.166291,80.676298,0.203384,0.145488,Mostly mineral soil
M3AD.003,5.74,4.02,1.72,0.13,Moose Factory,MO-03,110.5,51.166291,80.676298,0.195101,0.144503,Mostly mineral soil
M3AD.004,5.51,4.45,1.06,0.08,Moose Factory,MO-03,110.5,51.166291,80.676298,0.246035,0.188323,Mostly mineral soil
M3AD.005,4.26,2.21,2.05,0.06,Moose Factory,MO-03,110.5,51.166291,80.676298,0.197586,0.155582,Mostly mineral soil
M3AD.006,5.28,3.77,1.5,0.09,Moose Factory,MO-03,110.5,51.166291,80.676298,0.211593,0.158799,Mostly mineral soil
M3AD.007,5.25,4.04,1.21,0.08,Moose Factory,MO-03,110.5,51.166291,80.676298,0.216352,0.162362,Mostly mineral soil
M3AD.008,5.31,4.2,1.12,0.06,Moose Factory,MO-03,110.5,51.166291,80.676298,0.264996,0.203187,Mostly mineral soil
M3AD.009,4.97,4.17,0.803,0.05,Moose Factory,MO-03,110.5,51.166291,80.676298,0.200658,0.156494,Mostly mineral soil
M3AD.010,4.76,3.67,1.09,0.06,Moose Factory,MO-03,110.5,51.166291,80.676298,0.241247,0.180802,Mostly mineral soil
M3BD.001,43.8,0.574,43.2,1.36,Moose Factory,MO-03,70,51.166291,80.676298,0.073722,0.011606,
M3BD.002,43.4,0.716,42.7,1.38,Moose Factory,MO-03,70,51.166291,80.676298,0.100434,0.015562,
M3BD.003,42.5,0.609,41.9,1.04,Moose Factory,MO-03,70,51.166291,80.676298,0.075737,0.013328,
M3BD.004,41,0.779,40.2,1.25,Moose Factory,MO-03,70,51.166291,80.676298,0.065585,0.011641,
M3BD.005,40.2,0.784,39.4,1.26,Moose Factory,MO-03,70,51.166291,80.676298,0.066177,0.015581,
M3BD.006,4.73,2.27,2.46,0.17,Moose Factory,MO-03,70,51.166291,80.676298,0.20411,0.142831,
M3BD.007,4.72,2.91,1.81,0.13,Moose Factory,MO-03,70,51.166291,80.676298,0.213737,0.161387,
M3BD.008,4.81,3.45,1.36,0.11,Moose Factory,MO-03,70,51.166291,80.676298,0.217195,0.163082,
M3BD.009,5.24,3.32,1.92,0.14,Moose Factory,MO-03,70,51.166291,80.676298,0.2226,0.160318,
M3BD.010,6.4,4.14,2.26,0.13,Moose Factory,MO-03,70,51.166291,80.676298,0.182464,0.12821,
M4AD.001,23.8,0.337,23.5,1.19,Moose Factory,MO-04,107.95,51.156108,80.83714,0.117511,0.034443,
M4AD.002,9.83,0.625,9.2,0.62,Moose Factory,MO-04,107.95,51.156108,80.83714,0.171999,0.084337,
M4AD.003,8.26,2.83,5.43,0.39,Moose Factory,MO-04,107.95,51.156108,80.83714,0.196978,0.117897,
M4AD.004,8.28,2.85,5.43,0.43,Moose Factory,MO-04,107.95,51.156108,80.83714,0.172515,0.104419,
M4AD.005,4.76,1.99,2.77,0.12,Moose Factory,MO-04,107.95,51.156108,80.83714,0.261918,0.197171,"Pebble inclusion, 1.5 cm x 1.5 cm"
M4AD.006,4.85,2.14,2.72,0.06,Moose Factory,MO-04,107.95,51.156108,80.83714,0.23878,0.189251,
M4AD.007,4.17,3.32,0.848,0.05,Moose Factory,MO-04,107.95,51.156108,80.83714,0.257305,0.204112,
M4AD.008,4.89,3.33,1.57,0.04,Moose Factory,MO-04,107.95,51.156108,80.83714,0.246227,0.19832,
M4AD.009,4.22,4.27,0.005,0.04,Moose Factory,MO-04,107.95,51.156108,80.83714,0.233707,0.187015,
M4AD.010,5,3.54,1.46,0.04,Moose Factory,MO-04,107.95,51.156108,80.83714,0.227088,0.182145,
M4BD.001,32.1,2.55,29.6,0.74,Moose Factory,MO-04,75,51.156108,80.83714,0.082367,0.009977,
M4BD.002,39.2,0.525,38.7,0.77,Moose Factory,MO-04,75,51.156108,80.83714,0.063742,0.007116,
M4BD.003,37.3,0.375,36.9,1,Moose Factory,MO-04,75,51.156108,80.83714,0.074844,0.005885,
M4BD.004,42,0.562,41.4,1.57,Moose Factory,MO-04,75,51.156108,80.83714,0.104427,0.015315,
M4BD.005,42.6,0.609,42,1.36,Moose Factory,MO-04,75,51.156108,80.83714,0.101942,0.01634,
M4BD.006,40.4,0.808,39.5,1.48,Moose Factory,MO-04,75,51.156108,80.83714,0.114706,0.020612,
M4BD.007,38.1,0.657,37.4,1.1,Moose Factory,MO-04,75,51.156108,80.83714,0.111487,0.02267,
M4BD.008,17.5,0.285,17.2,1.01,Moose Factory,MO-04,75,51.156108,80.83714,0.136587,0.045398,
M4BD.009,7.57,1.08,6.49,0.42,Moose Factory,MO-04,75,51.156108,80.83714,0.169189,0.094875,
M4BD.010,7.87,2.66,5.21,0.37,Moose Factory,MO-04,75,51.156108,80.83714,0.191538,0.113026,
M5AD.001,43.7,0.861,42.8,1.29,Moose Factory,MO-05,206.5,51.153847,80.830853,0.086662,0.012999,
M5AD.002,43.1,1.02,42.1,1.41,Moose Factory,MO-05,206.5,51.153847,80.830853,0.10471,0.015616,
M5AD.003,26.2,0.849,25.4,0.91,Moose Factory,MO-05,206.5,51.153847,80.830853,0.138442,0.041041,
M5AD.004,15.6,0.54,15,0.73,Moose Factory,MO-05,206.5,51.153847,80.830853,0.130463,0.055063,
M5AD.005,7.06,1.7,5.35,0.34,Moose Factory,MO-05,206.5,51.153847,80.830853,0.197415,0.129425,
M5AD.006,4.86,2.47,2.39,0.13,Moose Factory,MO-05,206.5,51.153847,80.830853,0.218624,0.168331,
M5AD.007,3.99,2.74,1.26,0.07,Moose Factory,MO-05,206.5,51.153847,80.830853,0.239461,0.193552,
M5AD.008,3.82,3.18,0.638,0.05,Moose Factory,MO-05,206.5,51.153847,80.830853,0.220404,0.181148,
M5AD.009,3.84,3.27,0.566,0.05,Moose Factory,MO-05,206.5,51.153847,80.830853,0.215383,0.175609,
M5AD.010,3.78,3.4,0.388,0.05,Moose Factory,MO-05,206.5,51.153847,80.830853,0.194011,0.158312,
M6AD.001,46.5,0.517,46,1.28,Moose Factory,MO-06,129,51.046873,81.008678,0.111615,0.015409,
M6AD.002,46.3,0.49,45.8,1.5,Moose Factory,MO-06,129,51.046873,81.008678,0.110041,0.016645,
M6AD.003,46.4,0.56,45.9,1.4,Moose Factory,MO-06,129,51.046873,81.008678,0.153965,0.023259,
M6AD.004,46.4,0.524,45.9,1.47,Moose Factory,MO-06,129,51.046873,81.008678,0.138244,0.019036,
M6AD.005,46,0.488,45.5,1.92,Moose Factory,MO-06,129,51.046873,81.008678,0.148065,0.01941,
M6AD.006,45.3,0.507,44.7,1.72,Moose Factory,MO-06,129,51.046873,81.008678,0.114013,0.014259,
M6AD.007,44.7,0.595,44.1,1.54,Moose Factory,MO-06,129,51.046873,81.008678,0.11786,0.017405,
M6AD.008,42.7,0.55,42.2,1.83,Moose Factory,MO-06,129,51.046873,81.008678,0.119369,0.017777,
M6AD.009,39.8,0.306,39.5,1.95,Moose Factory,MO-06,129,51.046873,81.008678,0.11515,0.020172,
M6AD.010,4.37,2.55,1.81,0.12,Moose Factory,MO-06,129,51.046873,81.008678,0.246901,0.176914,M5A.011 is the spectrum re-measured after scraping surface
M6BD.001,40.1,0.223,39.9,0.43,Moose Factory,MO-06,70,51.046873,81.008678,0.10038,0.003725,
M6BD.002,47.4,0.087,47.4,0.66,Moose Factory,MO-06,70,51.046873,81.008678,0.087298,0.009324,
M6BD.003,46,0.233,45.8,0.8,Moose Factory,MO-06,70,51.046873,81.008678,0.085354,0.006742,
M6BD.004,48.3,0.223,48.1,0.65,Moose Factory,MO-06,70,51.046873,81.008678,0.068673,0.009383,
M6BD.005,47.8,0.349,47.5,0.75,Moose Factory,MO-06,70,51.046873,81.008678,0.101551,0.012606,
M6BD.006,47.8,0.41,47.4,1.01,Moose Factory,MO-06,70,51.046873,81.008678,0.119763,0.014052,
M6BD.007,47.5,0.441,47,1.21,Moose Factory,MO-06,70,51.046873,81.008678,0.123721,0.016054,
M6BD.008,47.5,0.459,47.1,1.09,Moose Factory,MO-06,70,51.046873,81.008678,0.128359,0.016609,
M6BD.009,45.9,0.511,45.4,1.32,Moose Factory,MO-06,70,51.046873,81.008678,0.12931,0.018139,
